<project xmlns="http://maven.apache.org/POM/4.0.0" xmlns:xsi="http://www.w3.org/2001/XMLSchema-instance" xsi:schemaLocation="http://maven.apache.org/POM/4.0.0 http://maven.apache.org/xsd/maven-4.0.0.xsd">
  <modelVersion>4.0.0</modelVersion>
  <groupId>jvntextpro</groupId>
  <artifactId>jvntextpro</artifactId>
  <version>2.0</version>
  <name>JVnTextPro</name>
  <description>JVnTextPro is a Java open source tool, which is based on Conditional Random Fields (CRFs) and Maximum Entropy (Maxent), for Natural Language Processing (NLP) in Vietnamese. This tool consists of several steps (or sub-problem tools) for Vietnamese preprocessing and processing designed in a pipeline manner in which output of one step is used for the next step. The sub-problem tools are sentence segmentation tool, sentence tokenization tool, word segmentation tool and Part-of-Speech tagging tool. This tool would be useful for Vietnamese NLP community. We highly appreciate any bug report, comment, and suggestion that help to fix errors and improve the accuracy.</description>
  <build>
    <sourceDirectory>src</sourceDirectory>
    <outputDirectory>bin</outputDirectory>
    <plugins>
      <plugin>
        <artifactId>maven-compiler-plugin</artifactId>
        <version>3.1</version>
        <configuration>
          <source>1.6</source>
          <target>1.6</target>
        </configuration>
      </plugin>
    </plugins>
  </build>
  <url>http://jvntextpro.sourceforge.net/</url>
  <dependencies>
  	<dependency>
  		<groupId>args4j</groupId>
  		<artifactId>args4j</artifactId>
  		<version>2.0.6</version>
  	</dependency>
  	<dependency>
  		<groupId>org.htmlparser</groupId>
  		<artifactId>htmlparser</artifactId>
  		<version>1.6</version>
  	</dependency>
  	<dependency>
  		<groupId>riso.numerical</groupId>
  		<artifactId>LBFGS</artifactId>
  		<version>1.0</version>
  		<scope>system</scope>
  		<systemPath>${project.basedir}/libs/lbfgs.jar</systemPath>
  	</dependency>
  </dependencies>
</project>